,,,,,,,,,,,,,,,,,,,,,,,,,,,,,,,,,,,,,,,,,,,,,,,,,,,,,,,,,,,,,,,
Id,CodigoUFEmitente,ChaveAcesso,DigitoVerificador,NaturezaOperacao,FormaPagamento,ModeloDocumentoFiscal,Serie,Numero,DataEmissao,TipoOperacao,CodigoCidadeFatoGerador,TipoEmissao,Finalidade,CNPJEmitente,NomeEmitente,CodigoProduto,DescricaoProduto,NCMProduto,CFOPProduto,UnidadeComercialProduto,QuantidadeComercialProduto,ValorUnitarioProduto,TOTAIS_ValorProdutos,ICMS_OrigemProduto,ICMS_TributacaoProduto,ICMS_ModalidadeBC,ICMS_ModalidadeBCST,ICMS_Aliquota,ICMS_Valor,ICMS_ValorBC,ICMS_ValorBCST,ICMS_PercentualMargemBCST,ICMS_PercentualReducaoBCST,ICMS_AliquotaICMSST,ICMS_ValorICMSST,IPI_Enquadramento,IPI_CNPJProdutor,IPI_SeloControle,IPI_SeloQuantidade,IPI_CodigoEnquadramento,IPI_CodigoSituacaoTributaria,IPI_ValorBC,IPI_Aliquota,IPI_Valor,IPI_Unidade,IPI_ValorUnitario,II_ValorBC,II_ValorDespesasAduaneiras,II_Valor,II_ValorIOF,PIS_CodigoSituacaoTributaria,PIS_ValorBC,PIS_Aliquota,PIS_Valor,PIS_QuantidadeVendida,PIS_ValorAliquota,COFINS_CodigoSituacaoTributaria,COFINS_ValorBC,COFINS_Aliquota,COFINS_Valor,COFINS_QuantidadeVendida,COFINS_ValorAliquota,TOTAIS_ValorProEIPI
NFe42131207384807000467550010000027081806790037,42,80679003,7,VENDA A ORDEM,1,55,1,2708,12/24/2013,1,4209102,1,1,07384807000467,BINARIO DISTRIBUIDORA DE EQUIPAMENTOS ELETRONICOS LTDA.,RACK,RACKS REMOTOS,84735090,6119,UN,3,829.71,2489.13,0,00,3,0,17.00,423.15,2489.13,0.00,0.00,0.00,0.00,0.00,Nenhum,Não informado,0,0,0,0,0.00,0.00,0.00,0,0.00,0.00,0.00,0.00,0.00,01,2489.13,1.65,41.07,0,0.00,01,2489.13,7.60,189.17,0,0.00,2489.13
NFe42131207384807000467550010000027091000400051,42,00040005,1,VENDA A ORDEM,1,55,1,2709,12/24/2013,1,4209102,1,1,07384807000467,BINARIO DISTRIBUIDORA DE EQUIPAMENTOS ELETRONICOS LTDA.,XR-520.,XR AP WITH INTEGRATED CONTROLLER AND 2 300MBPS 802.11N RADIOS,85176241,6119,UN,18,2538.03,188909.67,1,00,3,0,17.00,8931.33,52537.22,0.00,0.00,0.00,0.00,0.00,0,Não informado,0,0,0,50,45684.54,15.00,6852.68,0,0.00,0.00,0.00,0.00,0.00,01,45684.54,1.65,753.79,0,0.00,01,45684.54,7.60,3472.03,0,0.00,198667.31
NFe42131207384807000467550010000027091000400051,42,00040005,1,VENDA A ORDEM,1,55,1,2709,12/24/2013,1,4209102,1,1,07384807000467,BINARIO DISTRIBUIDORA DE EQUIPAMENTOS ELETRONICOS LTDA.,XE-500-MOUNT.,MOUNTING BRACKET AND 15/16" T-BAR CLIPS FOR XR-520 WIRELESS APS,85177099,6119,UN,18,55.28,188909.67,1,00,3,0,17.00,186.07,1094.54,0.00,0.00,0.00,0.00,0.00,0,Não informado,0,0,0,50,995.04,10.00,99.5,0,0.00,0.00,0.00,0.00,0.00,01,995.04,1.65,16.42,0,0.00,01,995.04,7.60,75.62,0,0.00,198667.31
NFe42131207384807000467550010000027091000400051,42,00040005,1,VENDA A ORDEM,1,55,1,2709,12/24/2013,1,4209102,1,1,07384807000467,BINARIO DISTRIBUIDORA DE EQUIPAMENTOS ELETRONICOS LTDA.,SRX100H2.,SRX SERVICES GATEWAY 100 WITH 8XFE PORTS WITH 2GB DRAM AND 2GB FLASH. EXTERNAL POWER SUPPLY AND CORD INCLUDED,85176294,6119,UN,1,2329.37,188909.67,1,00,3,0,17.00,455.39,2678.78,0.00,0.00,0.00,0.00,0.00,0,Não informado,0,0,0,50,2329.37,15.00,349.41,0,0.00,0.00,0.00,0.00,0.00,01,2329.37,1.65,38.43,0,0.00,01,2329.37,7.60,177.03,0,0.00,198667.31
NFe42131207384807000467550010000027091000400051,42,00040005,1,VENDA A ORDEM,1,55,1,2709,12/24/2013,1,4209102,1,1,07384807000467,BINARIO DISTRIBUIDORA DE EQUIPAMENTOS ELETRONICOS LTDA.,CABO_HDMI_03542,CABO HDMI P/ AUDIO E VIDEO 1.4 C/ 15M,85444200,6119,UN,40,118.41,188909.67,0,00,3,0,17.00,805.19,4736.4,0.00,0.00,0.00,0.00,0.00,Nenhum,Não informado,0,0,0,0,0.00,0.00,0.00,0,0.00,0.00,0.00,0.00,0.00,01,4736.4,1.65,78.15,0,0.00,01,4736.4,7.60,359.97,0,0.00,198667.31
NFe42131207384807000467550010000027091000400051,42,00040005,1,VENDA A ORDEM,1,55,1,2709,12/24/2013,1,4209102,1,1,07384807000467,BINARIO DISTRIBUIDORA DE EQUIPAMENTOS ELETRONICOS LTDA.,SUPORTE_00143,SUPORTE PROJETOR TELES TETO T025/045,73269090,6119,UN,40,97.79,188909.67,0,00,3,0,17.00,664.97,3911.6,0.00,0.00,0.00,0.00,0.00,Nenhum,Não informado,0,0,0,0,0.00,0.00,0.00,0,0.00,0.00,0.00,0.00,0.00,01,3911.6,1.65,64.54,0,0.00,01,3911.6,7.60,297.28,0,0.00,198667.31
NFe42131207384807000467550010000027091000400051,42,00040005,1,VENDA A ORDEM,1,55,1,2709,12/24/2013,1,4209102,1,1,07384807000467,BINARIO DISTRIBUIDORA DE EQUIPAMENTOS ELETRONICOS LTDA.,CABO_AUDIO-P2-10M,CABO DE AUDIO P2 10 M,85441990,6119,UN,40,82.85,188909.67,0,00,3,0,17.00,563.38,3314,0.00,0.00,0.00,0.00,0.00,Nenhum,Não informado,0,0,0,0,0.00,0.00,0.00,0,0.00,0.00,0.00,0.00,0.00,01,3314,1.65,54.68,0,0.00,01,3314,7.60,251.86,0,0.00,198667.31
NFe42131207384807000467550010000027091000400051,42,00040005,1,VENDA A ORDEM,1,55,1,2709,12/24/2013,1,4209102,1,1,07384807000467,BINARIO DISTRIBUIDORA DE EQUIPAMENTOS ELETRONICOS LTDA.,CABO_AUDIO-P2-10M,CABO DE AUDIO P2 10 M,85441990,6119,UN,40,82.85,188909.67,0,00,3,0,17.00,563.38,3314,0.00,0.00,0.00,0.00,0.00,Nenhum,Não informado,0,0,0,0,0.00,0.00,0.00,0,0.00,0.00,0.00,0.00,0.00,01,3314,1.65,54.68,0,0.00,01,3314,7.60,251.86,0,0.00,198667.31
NFe42131207384807000467550010000027091000400051,42,00040005,1,VENDA A ORDEM,1,55,1,2709,12/24/2013,1,4209102,1,1,07384807000467,BINARIO DISTRIBUIDORA DE EQUIPAMENTOS ELETRONICOS LTDA.,XS-PWR-BR.,BRAZIL POWER CORD.,85444200,6119,UN,18,6.14,188909.67,1,00,3,0,17.00,19.73,116.05,0.00,0.00,0.00,0.00,0.00,0,Não informado,0,0,0,50,110.52,5.00,5.53,0,0.00,0.00,0.00,0.00,0.00,01,110.52,1.65,1.82,0,0.00,01,110.52,7.60,8.4,0,0.00,198667.31
NFe42131207384807000467550010000027091000400051,42,00040005,1,VENDA A ORDEM,1,55,1,2709,12/24/2013,1,4209102,1,1,07384807000467,BINARIO DISTRIBUIDORA DE EQUIPAMENTOS ELETRONICOS LTDA.,EX2200-24P-4G.,EX 2200, 24-PORT 10/100/1000BASET (24-PORTS POE+) WITH 4 SFP UPLINK PORTS (OPTICS NOT INCLUDED),85176239,6119,UN,1,3840.15,188909.67,1,00,3,0,17.00,750.75,4416.17,0.00,0.00,0.00,0.00,0.00,0,Não informado,0,0,0,50,3840.15,15.00,576.02,0,0.00,0.00,0.00,0.00,0.00,01,3840.15,1.65,63.36,0,0.00,01,3840.15,7.60,291.85,0,0.00,198667.31
NFe42131207384807000467550010000027091000400051,42,00040005,1,VENDA A ORDEM,1,55,1,2709,12/24/2013,1,4209102,1,1,07384807000467,BINARIO DISTRIBUIDORA DE EQUIPAMENTOS ELETRONICOS LTDA.,CBL-EX-PWR-C13-BR.,AC POWER CABLE - BRAZIL (10A/250V, 2.5M),85444200,6119,UN,4,182.87,188909.67,1,00,3,0,17.00,130.57,768.05,0.00,0.00,0.00,0.00,0.00,0,Não informado,0,0,0,50,731.48,5.00,36.57,0,0.00,0.00,0.00,0.00,0.00,01,731.48,1.65,12.07,0,0.00,01,731.48,7.60,55.59,0,0.00,198667.31
NFe42131207384807000467550010000027091000400051,42,00040005,1,VENDA A ORDEM,1,55,1,2709,12/24/2013,1,4209102,1,1,07384807000467,BINARIO DISTRIBUIDORA DE EQUIPAMENTOS ELETRONICOS LTDA.,EX-SFP-1GE-SX.,SFP 1000BASE-SX GIGABIT ETHERNET OPTICS, 850NM FOR UPTO 550M TRANSMISSION ON MMF,85176299,6119,UN,2,1600.16,188909.67,1,00,3,0,17.00,652.86,3840.38,0.00,0.00,0.00,0.00,0.00,0,Não informado,0,0,0,50,3200.32,20.00,640.06,0,0.00,0.00,0.00,0.00,0.00,01,3200.32,1.65,52.81,0,0.00,01,3200.32,7.60,243.22,0,0.00,198667.31
NFe42131207384807000467550010000027091000400051,42,00040005,1,VENDA A ORDEM,1,55,1,2709,12/24/2013,1,4209102,1,1,07384807000467,BINARIO DISTRIBUIDORA DE EQUIPAMENTOS ELETRONICOS LTDA.,RACK,RACKS REMOTOS,84735090,6119,UN,1,1256.42,188909.67,0,00,3,0,17.00,213.59,1256.42,0.00,0.00,0.00,0.00,0.00,Nenhum,Não informado,0,0,0,0,0.00,0.00,0.00,0,0.00,0.00,0.00,0.00,0.00,01,1256.42,1.65,20.73,0,0.00,01,1256.42,7.60,95.49,0,0.00,198667.31
NFe42131207384807000467550010000027091000400051,42,00040005,1,VENDA A ORDEM,1,55,1,2709,12/24/2013,1,4209102,1,1,07384807000467,BINARIO DISTRIBUIDORA DE EQUIPAMENTOS ELETRONICOS LTDA.,INFRA_PRODUTO_1,MATERIAL DE INFRAESTRUTURA,85177099,6119,UN,1,107145.93,188909.67,0,00,3,0,17.00,18214.81,107145.93,0.00,0.00,0.00,0.00,0.00,Nenhum,Não informado,0,0,0,0,0.00,0.00,0.00,0,0.00,0.00,0.00,0.00,0.00,01,107145.93,1.65,1767.91,0,0.00,01,107145.93,7.60,8143.09,0,0.00,198667.31
NFe42131207384807000467550010000027091000400051,42,00040005,1,VENDA A ORDEM,1,55,1,2709,12/24/2013,1,4209102,1,1,07384807000467,BINARIO DISTRIBUIDORA DE EQUIPAMENTOS ELETRONICOS LTDA.,EX-RMK2.,RACK MOUNT KIT FOR EX2200-C,85177099,6119,UN,3,84.76,188909.67,1,00,3,0,17.00,47.55,279.71,0.00,0.00,0.00,0.00,0.00,0,Não informado,0,0,0,50,254.28,10.00,25.43,0,0.00,0.00,0.00,0.00,0.00,01,254.28,1.65,4.2,0,0.00,01,254.28,7.60,19.33,0,0.00,198667.31
NFe42131207384807000467550010000027091000400051,42,00040005,1,VENDA A ORDEM,1,55,1,2709,12/24/2013,1,4209102,1,1,07384807000467,BINARIO DISTRIBUIDORA DE EQUIPAMENTOS ELETRONICOS LTDA.,EX2200-C-12P-2G.,EX2200-C COMPACT, FANLESS SWITCH WITH 12-PORT 10/100/1000BASET (12-PORTS POE+) AND 2 DUAL-PURPOSE (10/100/1000BASET OR S,85176239,6119,LC,3.0000,2425.82,188909.67,1,00,3,0,17.00,1422.74,8369.08,0.00,0.00,0.00,0.00,0.00,0,Não informado,0,0,0,50,7277.46,15.00,1091.62,0,0.00,0.00,0.00,0.00,0.00,01,7277.46,1.65,120.08,0,0.00,01,7277.46,7.60,553.09,0,0.00,198667.31
NFe42131207384807000467550010000027091000400051,42,00040005,1,VENDA A ORDEM,1,55,1,2709,12/24/2013,1,4209102,1,1,07384807000467,BINARIO DISTRIBUIDORA DE EQUIPAMENTOS ELETRONICOS LTDA.,SRX100-RMK.,SRX100 19" RACK MOUNT KIT - HOLDS TWO UNITS,85177091,6119,UN,1,808.16,188909.67,1,00,3,0,17.00,151.13,888.98,0.00,0.00,0.00,0.00,0.00,0,Não informado,0,0,0,50,808.16,10.00,80.82,0,0.00,0.00,0.00,0.00,0.00,01,808.16,1.65,13.33,0,0.00,01,808.16,7.60,61.42,0,0.00,198667.31
NFe42131207384807000467550010000027101638000273,42,63800027,3,VENDA A ORDEM,1,55,1,2710,12/24/2013,1,4209102,1,1,07384807000467,BINARIO DISTRIBUIDORA DE EQUIPAMENTOS ELETRONICOS LTDA.,XR-520.,XR AP WITH INTEGRATED CONTROLLER AND 2 300MBPS 802.11N RADIOS,85176241,6119,UN,8,2538.03,116493.9,1,00,3,0,17.00,3969.48,23349.88,0.00,0.00,0.00,0.00,0.00,0,Não informado,0,0,0,50,20304.24,15.00,3045.64,0,0.00,0.00,0.00,0.00,0.00,01,20304.24,1.65,335.02,0,0.00,01,20304.24,7.60,1543.12,0,0.00,120574.71
NFe42131207384807000467550010000027101638000273,42,63800027,3,VENDA A ORDEM,1,55,1,2710,12/24/2013,1,4209102,1,1,07384807000467,BINARIO DISTRIBUIDORA DE EQUIPAMENTOS ELETRONICOS LTDA.,XE-500-MOUNT.,MOUNTING BRACKET AND 15/16" T-BAR CLIPS FOR XR-520 WIRELESS APS,85177099,6119,UN,8,55.28,116493.9,1,00,3,0,17.00,82.7,486.46,0.00,0.00,0.00,0.00,0.00,0,Não informado,0,0,0,50,442.24,10.00,44.22,0,0.00,0.00,0.00,0.00,0.00,01,442.24,1.65,7.3,0,0.00,01,442.24,7.60,33.61,0,0.00,120574.71
NFe42131207384807000467550010000027101638000273,42,63800027,3,VENDA A ORDEM,1,55,1,2710,12/24/2013,1,4209102,1,1,07384807000467,BINARIO DISTRIBUIDORA DE EQUIPAMENTOS ELETRONICOS LTDA.,XS-PWR-BR.,BRAZIL POWER CORD.,85444200,6119,UN,8,6.14,116493.9,1,00,3,0,17.00,8.77,51.58,0.00,0.00,0.00,0.00,0.00,0,Não informado,0,0,0,50,49.12,5.00,2.46,0,0.00,0.00,0.00,0.00,0.00,01,49.12,1.65,0.81,0,0.00,01,49.12,7.60,3.73,0,0.00,120574.71
NFe42131207384807000467550010000027101638000273,42,63800027,3,VENDA A ORDEM,1,55,1,2710,12/24/2013,1,4209102,1,1,07384807000467,BINARIO DISTRIBUIDORA DE EQUIPAMENTOS ELETRONICOS LTDA.,EX2200-24P-4G.,EX 2200, 24-PORT 10/100/1000BASET (24-PORTS POE+) WITH 4 SFP UPLINK PORTS (OPTICS NOT INCLUDED),85176239,6119,UN,1,3840.15,116493.9,1,00,3,0,17.00,750.75,4416.17,0.00,0.00,0.00,0.00,0.00,0,Não informado,0,0,0,50,3840.15,15.00,576.02,0,0.00,0.00,0.00,0.00,0.00,01,3840.15,1.65,63.36,0,0.00,01,3840.15,7.60,291.85,0,0.00,120574.71
NFe42131207384807000467550010000027101638000273,42,63800027,3,VENDA A ORDEM,1,55,1,2710,12/24/2013,1,4209102,1,1,07384807000467,BINARIO DISTRIBUIDORA DE EQUIPAMENTOS ELETRONICOS LTDA.,CBL-EX-PWR-C13-BR.,AC POWER CABLE - BRAZIL (10A/250V, 2.5M),85444200,6119,UN,1,182.87,116493.9,1,00,3,0,17.00,32.64,192.01,0.00,0.00,0.00,0.00,0.00,0,Não informado,0,0,0,50,182.87,5.00,9.14,0,0.00,0.00,0.00,0.00,0.00,01,182.87,1.65,3.02,0,0.00,01,182.87,7.60,13.9,0,0.00,120574.71
NFe42131207384807000467550010000027101638000273,42,63800027,3,VENDA A ORDEM,1,55,1,2710,12/24/2013,1,4209102,1,1,07384807000467,BINARIO DISTRIBUIDORA DE EQUIPAMENTOS ELETRONICOS LTDA.,EX2200-C-12P-2G.,EX2200-C COMPACT, FANLESS SWITCH WITH 12-PORT 10/100/1000BASET (12-PORTS POE+) AND 2 DUAL-PURPOSE (10/100/1000BASET OR S,85176239,6119,LC,1.0000,2425.82,116493.9,1,00,3,0,17.00,474.25,2789.69,0.00,0.00,0.00,0.00,0.00,0,Não informado,0,0,0,50,2425.82,15.00,363.87,0,0.00,0.00,0.00,0.00,0.00,01,2425.82,1.65,40.03,0,0.00,01,2425.82,7.60,184.36,0,0.00,120574.71
NFe42131207384807000467550010000027101638000273,42,63800027,3,VENDA A ORDEM,1,55,1,2710,12/24/2013,1,4209102,1,1,07384807000467,BINARIO DISTRIBUIDORA DE EQUIPAMENTOS ELETRONICOS LTDA.,EX-RMK2.,RACK MOUNT KIT FOR EX2200-C,85177099,6119,UN,1,84.76,116493.9,1,00,3,0,17.00,15.85,93.24,0.00,0.00,0.00,0.00,0.00,0,Não informado,0,0,0,50,84.76,10.00,8.48,0,0.00,0.00,0.00,0.00,0.00,01,84.76,1.65,1.4,0,0.00,01,84.76,7.60,6.44,0,0.00,120574.71
NFe42131207384807000467550010000027101638000273,42,63800027,3,VENDA A ORDEM,1,55,1,2710,12/24/2013,1,4209102,1,1,07384807000467,BINARIO DISTRIBUIDORA DE EQUIPAMENTOS ELETRONICOS LTDA.,CABO_HDMI_03542,CABO HDMI P/ AUDIO E VIDEO 1.4 C/ 15M,85444200,6119,UN,18,118.41,116493.9,0,00,3,0,17.00,362.33,2131.38,0.00,0.00,0.00,0.00,0.00,Nenhum,Não informado,0,0,0,0,0.00,0.00,0.00,0,0.00,0.00,0.00,0.00,0.00,01,2131.38,1.65,35.17,0,0.00,01,2131.38,7.60,161.98,0,0.00,120574.71
NFe42131207384807000467550010000027101638000273,42,63800027,3,VENDA A ORDEM,1,55,1,2710,12/24/2013,1,4209102,1,1,07384807000467,BINARIO DISTRIBUIDORA DE EQUIPAMENTOS ELETRONICOS LTDA.,SUPORTE_00143,SUPORTE PROJETOR TELES TETO T025/045,73269090,6119,UN,18,97.79,116493.9,0,00,3,0,17.00,299.24,1760.22,0.00,0.00,0.00,0.00,0.00,Nenhum,Não informado,0,0,0,0,0.00,0.00,0.00,0,0.00,0.00,0.00,0.00,0.00,01,1760.22,1.65,29.04,0,0.00,01,1760.22,7.60,133.78,0,0.00,120574.71
NFe42131207384807000467550010000027101638000273,42,63800027,3,VENDA A ORDEM,1,55,1,2710,12/24/2013,1,4209102,1,1,07384807000467,BINARIO DISTRIBUIDORA DE EQUIPAMENTOS ELETRONICOS LTDA.,CABO_VGA_00321,CABO VGA FILTRO DE FERRITE BLINDADO T15 M 8+5 VIAS,85444200,6119,UN,18,82.85,116493.9,0,00,3,0,17.00,253.52,1491.3,0.00,0.00,0.00,0.00,0.00,Nenhum,Não informado,0,0,0,0,0.00,0.00,0.00,0,0.00,0.00,0.00,0.00,0.00,01,1491.3,1.65,24.61,0,0.00,01,1491.3,7.60,113.34,0,0.00,120574.71
NFe42131207384807000467550010000027101638000273,42,63800027,3,VENDA A ORDEM,1,55,1,2710,12/24/2013,1,4209102,1,1,07384807000467,BINARIO DISTRIBUIDORA DE EQUIPAMENTOS ELETRONICOS LTDA.,SRX100-RMK.,SRX100 19" RACK MOUNT KIT - HOLDS TWO UNITS,85177091,6119,UN,1,309.79,116493.9,1,00,3,0,17.00,57.93,340.77,0.00,0.00,0.00,0.00,0.00,0,Não informado,0,0,0,50,309.79,10.00,30.98,0,0.00,0.00,0.00,0.00,0.00,01,309.79,1.65,5.11,0,0.00,01,309.79,7.60,23.54,0,0.00,120574.71
NFe42131207384807000467550010000027101638000273,42,63800027,3,VENDA A ORDEM,1,55,1,2710,12/24/2013,1,4209102,1,1,07384807000467,BINARIO DISTRIBUIDORA DE EQUIPAMENTOS ELETRONICOS LTDA.,INFRA_PRODUTO_1,MATERIAL DE INFRAESTRUTURA,85177099,6119,UN,1,82805.11,116493.9,0,00,3,0,17.00,14076.87,82805.11,0.00,0.00,0.00,0.00,0.00,Nenhum,Não informado,0,0,0,0,0.00,0.00,0.00,0,0.00,0.00,0.00,0.00,0.00,01,82805.11,1.65,1366.28,0,0.00,01,82805.11,7.60,6293.19,0,0.00,120574.71
NFe42131207384807000467550010000027101638000273,42,63800027,3,VENDA A ORDEM,1,55,1,2710,12/24/2013,1,4209102,1,1,07384807000467,BINARIO DISTRIBUIDORA DE EQUIPAMENTOS ELETRONICOS LTDA.,CABO_AUDIO-P2-10M,CABO DE AUDIO P2 10 M,85441990,6119,UN,18,37.05,116493.9,0,00,3,0,17.00,113.37,666.9,0.00,0.00,0.00,0.00,0.00,Nenhum,Não informado,0,0,0,0,0.00,0.00,0.00,0,0.00,0.00,0.00,0.00,0.00,01,666.9,1.65,11,0,0.00,01,666.9,7.60,50.68,0,0.00,120574.71
NFe42131207384807000467550010000027111009542701,42,00954270,1,VENDA A ORDEM,1,55,1,2711,12/24/2013,1,4209102,1,1,07384807000467,BINARIO DISTRIBUIDORA DE EQUIPAMENTOS ELETRONICOS LTDA.,CBL-EX-PWR-C13-BR.,AC POWER CABLE - BRAZIL (10A/250V, 2.5M),85444200,6119,UN,1,182.87,93735.54,1,00,3,0,17.00,32.64,192.01,0.00,0.00,0.00,0.00,0.00,0,Não informado,0,0,0,50,182.87,5.00,9.14,0,0.00,0.00,0.00,0.00,0.00,01,182.87,1.65,3.02,0,0.00,01,182.87,7.60,13.9,0,0.00,93744.68
NFe42131207384807000467550010000027111009542701,42,00954270,1,VENDA A ORDEM,1,55,1,2711,12/24/2013,1,4209102,1,1,07384807000467,BINARIO DISTRIBUIDORA DE EQUIPAMENTOS ELETRONICOS LTDA.,INFRA_PRODUTO_1,MATERIAL DE INFRAESTRUTURA,85177099,6119,UN,1,93552.67,93735.54,0,00,3,0,17.00,15903.95,93552.67,0.00,0.00,0.00,0.00,0.00,Nenhum,Não informado,0,0,0,0,0.00,0.00,0.00,0,0.00,0.00,0.00,0.00,0.00,01,93552.67,1.65,1543.62,0,0.00,01,93552.67,7.60,7110,0,0.00,93744.68
NFe42131207384807000467550010000027121000060329,42,00006032,9,VENDA A ORDEM,1,55,1,2712,12/24/2013,1,4209102,1,1,07384807000467,BINARIO DISTRIBUIDORA DE EQUIPAMENTOS ELETRONICOS LTDA.,XR-520.,XR AP WITH INTEGRATED CONTROLLER AND 2 300MBPS 802.11N RADIOS,85176241,6119,UN,15,2538.03,61276.46,1,00,3,0,17.00,7442.77,43781.02,0.00,0.00,0.00,0.00,0.00,0,Não informado,0,0,0,50,38070.45,15.00,5710.57,0,0.00,0.00,0.00,0.00,0.00,01,38070.45,1.65,628.16,0,0.00,01,38070.45,7.60,2893.35,0,0.00,68793.93
NFe42131207384807000467550010000027121000060329,42,00006032,9,VENDA A ORDEM,1,55,1,2712,12/24/2013,1,4209102,1,1,07384807000467,BINARIO DISTRIBUIDORA DE EQUIPAMENTOS ELETRONICOS LTDA.,XE-500-MOUNT.,MOUNTING BRACKET AND 15/16" T-BAR CLIPS FOR XR-520 WIRELESS APS,85177099,6119,UN,15,55.28,61276.46,1,00,3,0,17.00,155.06,912.12,0.00,0.00,0.00,0.00,0.00,0,Não informado,0,0,0,50,829.2,10.00,82.92,0,0.00,0.00,0.00,0.00,0.00,01,829.2,1.65,13.68,0,0.00,01,829.2,7.60,63.02,0,0.00,68793.93
NFe42131207384807000467550010000027121000060329,42,00006032,9,VENDA A ORDEM,1,55,1,2712,12/24/2013,1,4209102,1,1,07384807000467,BINARIO DISTRIBUIDORA DE EQUIPAMENTOS ELETRONICOS LTDA.,XS-PWR-BR.,BRAZIL POWER CORD.,85444200,6119,UN,15,6.1,61276.46,1,00,3,0,17.00,16.33,96.08,0.00,0.00,0.00,0.00,0.00,0,Não informado,0,0,0,50,91.5,5.00,4.58,0,0.00,0.00,0.00,0.00,0.00,01,91.5,1.65,1.51,0,0.00,01,91.5,7.60,6.95,0,0.00,68793.93
NFe42131207384807000467550010000027121000060329,42,00006032,9,VENDA A ORDEM,1,55,1,2712,12/24/2013,1,4209102,1,1,07384807000467,BINARIO DISTRIBUIDORA DE EQUIPAMENTOS ELETRONICOS LTDA.,EX2200-24P-4G.,EX 2200, 24-PORT 10/100/1000BASET (24-PORTS POE+) WITH 4 SFP UPLINK PORTS (OPTICS NOT INCLUDED),85176239,6119,UN,1,3840.15,61276.46,1,00,3,0,17.00,750.75,4416.17,0.00,0.00,0.00,0.00,0.00,0,Não informado,0,0,0,50,3840.15,15.00,576.02,0,0.00,0.00,0.00,0.00,0.00,01,3840.15,1.65,63.36,0,0.00,01,3840.15,7.60,291.85,0,0.00,68793.93
NFe42131207384807000467550010000027121000060329,42,00006032,9,VENDA A ORDEM,1,55,1,2712,12/24/2013,1,4209102,1,1,07384807000467,BINARIO DISTRIBUIDORA DE EQUIPAMENTOS ELETRONICOS LTDA.,EX2200-C-12P-2G.,EX2200-C COMPACT, FANLESS SWITCH WITH 12-PORT 10/100/1000BASET (12-PORTS POE+) AND 2 DUAL-PURPOSE (10/100/1000BASET OR S,85176239,6119,LC,2.0000,2425.82,61276.46,1,00,3,0,17.00,948.5,5579.39,0.00,0.00,0.00,0.00,0.00,0,Não informado,0,0,0,50,4851.64,15.00,727.75,0,0.00,0.00,0.00,0.00,0.00,01,4851.64,1.65,80.05,0,0.00,01,4851.64,7.60,368.72,0,0.00,68793.93
NFe42131207384807000467550010000027121000060329,42,00006032,9,VENDA A ORDEM,1,55,1,2712,12/24/2013,1,4209102,1,1,07384807000467,BINARIO DISTRIBUIDORA DE EQUIPAMENTOS ELETRONICOS LTDA.,EX-RMK2.,RACK MOUNT KIT FOR EX2200-C,85177099,6119,UN,2,84.76,61276.46,1,00,3,0,17.00,31.7,186.47,0.00,0.00,0.00,0.00,0.00,0,Não informado,0,0,0,50,169.52,10.00,16.95,0,0.00,0.00,0.00,0.00,0.00,01,169.52,1.65,2.8,0,0.00,01,169.52,7.60,12.88,0,0.00,68793.93
NFe42131207384807000467550010000027121000060329,42,00006032,9,VENDA A ORDEM,1,55,1,2712,12/24/2013,1,4209102,1,1,07384807000467,BINARIO DISTRIBUIDORA DE EQUIPAMENTOS ELETRONICOS LTDA.,CBL-EX-PWR-C13-BR.,AC POWER CABLE - BRAZIL (10A/250V, 2.5M),85444200,6119,UN,2,182.87,61276.46,1,00,3,0,17.00,65.29,384.03,0.00,0.00,0.00,0.00,0.00,0,Não informado,0,0,0,50,365.74,5.00,18.29,0,0.00,0.00,0.00,0.00,0.00,01,365.74,1.65,6.03,0,0.00,01,365.74,7.60,27.8,0,0.00,68793.93
NFe42131207384807000467550010000027121000060329,42,00006032,9,VENDA A ORDEM,1,55,1,2712,12/24/2013,1,4209102,1,1,07384807000467,BINARIO DISTRIBUIDORA DE EQUIPAMENTOS ELETRONICOS LTDA.,SRX100H2.,SRX SERVICES GATEWAY 100 WITH 8XFE PORTS WITH 2GB DRAM AND 2GB FLASH. EXTERNAL POWER SUPPLY AND CORD INCLUDED,85176294,6119,UN,1,2329.37,61276.46,1,00,3,0,17.00,455.39,2678.78,0.00,0.00,0.00,0.00,0.00,0,Não informado,0,0,0,50,2329.37,15.00,349.41,0,0.00,0.00,0.00,0.00,0.00,01,2329.37,1.65,38.43,0,0.00,01,2329.37,7.60,177.03,0,0.00,68793.93
NFe42131207384807000467550010000027121000060329,42,00006032,9,VENDA A ORDEM,1,55,1,2712,12/24/2013,1,4209102,1,1,07384807000467,BINARIO DISTRIBUIDORA DE EQUIPAMENTOS ELETRONICOS LTDA.,CABO_HDMI_03542,CABO HDMI P/ AUDIO E VIDEO 1.4 C/ 15M,85444200,6119,UN,31,118.41,61276.46,0,00,3,0,17.00,624.02,3670.71,0.00,0.00,0.00,0.00,0.00,Nenhum,Não informado,0,0,0,0,0.00,0.00,0.00,0,0.00,0.00,0.00,0.00,0.00,01,3670.71,1.65,60.57,0,0.00,01,3670.71,7.60,278.97,0,0.00,68793.93
NFe42131207384807000467550010000027121000060329,42,00006032,9,VENDA A ORDEM,1,55,1,2712,12/24/2013,1,4209102,1,1,07384807000467,BINARIO DISTRIBUIDORA DE EQUIPAMENTOS ELETRONICOS LTDA.,SUPORTE_00143,SUPORTE PROJETOR TELES TETO T025/045,73269090,6119,UN,31,97.79,61276.46,0,00,3,0,17.00,515.35,3031.49,0.00,0.00,0.00,0.00,0.00,Nenhum,Não informado,0,0,0,0,0.00,0.00,0.00,0,0.00,0.00,0.00,0.00,0.00,01,3031.49,1.65,50.02,0,0.00,01,3031.49,7.60,230.39,0,0.00,68793.93
NFe42131207384807000467550010000027121000060329,42,00006032,9,VENDA A ORDEM,1,55,1,2712,12/24/2013,1,4209102,1,1,07384807000467,BINARIO DISTRIBUIDORA DE EQUIPAMENTOS ELETRONICOS LTDA.,CABO_VGA_00321,CABO VGA FILTRO DE FERRITE BLINDADO T15 M 8+5 VIAS,85444200,6119,UN,31,82.85,61276.46,0,00,3,0,17.00,436.62,2568.35,0.00,0.00,0.00,0.00,0.00,Nenhum,Não informado,0,0,0,0,0.00,0.00,0.00,0,0.00,0.00,0.00,0.00,0.00,01,2568.35,1.65,42.38,0,0.00,01,2568.35,7.60,195.19,0,0.00,68793.93
NFe42131207384807000467550010000027121000060329,42,00006032,9,VENDA A ORDEM,1,55,1,2712,12/24/2013,1,4209102,1,1,07384807000467,BINARIO DISTRIBUIDORA DE EQUIPAMENTOS ELETRONICOS LTDA.,SRX100-RMK.,SRX100 19" RACK MOUNT KIT - HOLDS TWO UNITS,85177091,6119,UN,1,309.79,61276.46,1,00,3,0,17.00,57.93,340.77,0.00,0.00,0.00,0.00,0.00,0,Não informado,0,0,0,50,309.79,10.00,30.98,0,0.00,0.00,0.00,0.00,0.00,01,309.79,1.65,5.11,0,0.00,01,309.79,7.60,23.54,0,0.00,68793.93
NFe42131207384807000467550010000027121000060329,42,00006032,9,VENDA A ORDEM,1,55,1,2712,12/24/2013,1,4209102,1,1,07384807000467,BINARIO DISTRIBUIDORA DE EQUIPAMENTOS ELETRONICOS LTDA.,CABO_AUDIO-P2-10M,CABO DE AUDIO P2 10 M,85441990,6119,UN,31,37.05,61276.46,0,00,3,0,17.00,195.25,1148.55,0.00,0.00,0.00,0.00,0.00,Nenhum,Não informado,0,0,0,0,0.00,0.00,0.00,0,0.00,0.00,0.00,0.00,0.00,01,1148.55,1.65,18.95,0,0.00,01,1148.55,7.60,87.29,0,0.00,68793.93
NFe42131207384807000467550010000027131007002151,42,00700215,1,VENDA A ORDEM,1,55,1,2713,12/24/2013,1,4209102,1,1,07384807000467,BINARIO DISTRIBUIDORA DE EQUIPAMENTOS ELETRONICOS LTDA.,XR-520.,XR AP WITH INTEGRATED CONTROLLER AND 2 300MBPS 802.11N RADIOS,85176241,6119,UN,5,2538.03,69273.58,1,00,3,0,17.00,2480.92,14593.67,0.00,0.00,0.00,0.00,0.00,0,Não informado,0,0,0,50,12690.15,15.00,1903.52,0,0.00,0.00,0.00,0.00,0.00,01,12690.15,1.65,209.39,0,0.00,01,12690.15,7.60,964.45,0,0.00,71968.16
NFe42131207384807000467550010000027131007002151,42,00700215,1,VENDA A ORDEM,1,55,1,2713,12/24/2013,1,4209102,1,1,07384807000467,BINARIO DISTRIBUIDORA DE EQUIPAMENTOS ELETRONICOS LTDA.,XE-500-MOUNT.,MOUNTING BRACKET AND 15/16" T-BAR CLIPS FOR XR-520 WIRELESS APS,85177099,6119,UN,5,55.28,69273.58,1,00,3,0,17.00,51.69,304.04,0.00,0.00,0.00,0.00,0.00,0,Não informado,0,0,0,50,276.4,10.00,27.64,0,0.00,0.00,0.00,0.00,0.00,01,276.4,1.65,4.56,0,0.00,01,276.4,7.60,21.01,0,0.00,71968.16
NFe42131207384807000467550010000027131007002151,42,00700215,1,VENDA A ORDEM,1,55,1,2713,12/24/2013,1,4209102,1,1,07384807000467,BINARIO DISTRIBUIDORA DE EQUIPAMENTOS ELETRONICOS LTDA.,XS-PWR-BR.,BRAZIL POWER CORD.,85444200,6119,UN,5,6.14,69273.58,1,00,3,0,17.00,5.48,32.24,0.00,0.00,0.00,0.00,0.00,0,Não informado,0,0,0,50,30.7,5.00,1.54,0,0.00,0.00,0.00,0.00,0.00,01,30.7,1.65,0.51,0,0.00,01,30.7,7.60,2.33,0,0.00,71968.16
NFe42131207384807000467550010000027131007002151,42,00700215,1,VENDA A ORDEM,1,55,1,2713,12/24/2013,1,4209102,1,1,07384807000467,BINARIO DISTRIBUIDORA DE EQUIPAMENTOS ELETRONICOS LTDA.,EX2200-C-12P-2G.,EX2200-C COMPACT, FANLESS SWITCH WITH 12-PORT 10/100/1000BASET (12-PORTS POE+) AND 2 DUAL-PURPOSE (10/100/1000BASET OR S,85176239,6119,LC,1.0000,2425.82,69273.58,1,00,3,0,17.00,474.25,2789.69,0.00,0.00,0.00,0.00,0.00,0,Não informado,0,0,0,50,2425.82,15.00,363.87,0,0.00,0.00,0.00,0.00,0.00,01,2425.82,1.65,40.03,0,0.00,01,2425.82,7.60,184.36,0,0.00,71968.16
NFe42131207384807000467550010000027131007002151,42,00700215,1,VENDA A ORDEM,1,55,1,2713,12/24/2013,1,4209102,1,1,07384807000467,BINARIO DISTRIBUIDORA DE EQUIPAMENTOS ELETRONICOS LTDA.,EX-RMK2.,RACK MOUNT KIT FOR EX2200-C,85177099,6119,UN,1,84.76,69273.58,1,00,3,0,17.00,15.85,93.24,0.00,0.00,0.00,0.00,0.00,0,Não informado,0,0,0,50,84.76,10.00,8.48,0,0.00,0.00,0.00,0.00,0.00,01,84.76,1.65,1.4,0,0.00,01,84.76,7.60,6.44,0,0.00,71968.16
NFe42131207384807000467550010000027131007002151,42,00700215,1,VENDA A ORDEM,1,55,1,2713,12/24/2013,1,4209102,1,1,07384807000467,BINARIO DISTRIBUIDORA DE EQUIPAMENTOS ELETRONICOS LTDA.,CBL-EX-PWR-C13-BR.,AC POWER CABLE - BRAZIL (10A/250V, 2.5M),85444200,6119,UN,1,182.87,69273.58,1,00,3,0,17.00,32.64,192.01,0.00,0.00,0.00,0.00,0.00,0,Não informado,0,0,0,50,182.87,5.00,9.14,0,0.00,0.00,0.00,0.00,0.00,01,182.87,1.65,3.02,0,0.00,01,182.87,7.60,13.9,0,0.00,71968.16
NFe42131207384807000467550010000027131007002151,42,00700215,1,VENDA A ORDEM,1,55,1,2713,12/24/2013,1,4209102,1,1,07384807000467,BINARIO DISTRIBUIDORA DE EQUIPAMENTOS ELETRONICOS LTDA.,SRX100H2.,SRX SERVICES GATEWAY 100 WITH 8XFE PORTS WITH 2GB DRAM AND 2GB FLASH. EXTERNAL POWER SUPPLY AND CORD INCLUDED,85176294,6119,UN,1,2329.37,69273.58,1,00,3,0,17.00,455.39,2678.78,0.00,0.00,0.00,0.00,0.00,0,Não informado,0,0,0,50,2329.37,15.00,349.41,0,0.00,0.00,0.00,0.00,0.00,01,2329.37,1.65,38.43,0,0.00,01,2329.37,7.60,177.03,0,0.00,71968.16
NFe42131207384807000467550010000027131007002151,42,00700215,1,VENDA A ORDEM,1,55,1,2713,12/24/2013,1,4209102,1,1,07384807000467,BINARIO DISTRIBUIDORA DE EQUIPAMENTOS ELETRONICOS LTDA.,CABO_HDMI_03542,CABO HDMI P/ AUDIO E VIDEO 1.4 C/ 15M,85444200,6119,UN,12,118.41,69273.58,0,00,3,0,17.00,241.56,1420.92,0.00,0.00,0.00,0.00,0.00,Nenhum,Não informado,0,0,0,0,0.00,0.00,0.00,0,0.00,0.00,0.00,0.00,0.00,01,1420.92,1.65,23.45,0,0.00,01,1420.92,7.60,107.99,0,0.00,71968.16
NFe42131207384807000467550010000027131007002151,42,00700215,1,VENDA A ORDEM,1,55,1,2713,12/24/2013,1,4209102,1,1,07384807000467,BINARIO DISTRIBUIDORA DE EQUIPAMENTOS ELETRONICOS LTDA.,SUPORTE_00143,SUPORTE PROJETOR TELES TETO T025/045,73269090,6119,UN,12,97.79,69273.58,0,00,3,0,17.00,199.49,1173.48,0.00,0.00,0.00,0.00,0.00,Nenhum,Não informado,0,0,0,0,0.00,0.00,0.00,0,0.00,0.00,0.00,0.00,0.00,01,1173.48,1.65,19.36,0,0.00,01,1173.48,7.60,89.18,0,0.00,71968.16
NFe42131207384807000467550010000027131007002151,42,00700215,1,VENDA A ORDEM,1,55,1,2713,12/24/2013,1,4209102,1,1,07384807000467,BINARIO DISTRIBUIDORA DE EQUIPAMENTOS ELETRONICOS LTDA.,CABO_VGA_00321,CABO VGA FILTRO DE FERRITE BLINDADO T15 M 8+5 VIAS,85444200,6119,UN,12,82.85,69273.58,0,00,3,0,17.00,169.01,994.2,0.00,0.00,0.00,0.00,0.00,Nenhum,Não informado,0,0,0,0,0.00,0.00,0.00,0,0.00,0.00,0.00,0.00,0.00,01,994.2,1.65,16.4,0,0.00,01,994.2,7.60,75.56,0,0.00,71968.16
NFe42131207384807000467550010000027131007002151,42,00700215,1,VENDA A ORDEM,1,55,1,2713,12/24/2013,1,4209102,1,1,07384807000467,BINARIO DISTRIBUIDORA DE EQUIPAMENTOS ELETRONICOS LTDA.,SRX100-RMK.,SRX100 19" RACK MOUNT KIT - HOLDS TWO UNITS,85177091,6119,UN,1,309.79,69273.58,1,00,3,0,17.00,57.93,340.77,0.00,0.00,0.00,0.00,0.00,0,Não informado,0,0,0,50,309.79,10.00,30.98,0,0.00,0.00,0.00,0.00,0.00,01,309.79,1.65,5.11,0,0.00,01,309.79,7.60,23.54,0,0.00,71968.16
NFe42131207384807000467550010000027131007002151,42,00700215,1,VENDA A ORDEM,1,55,1,2713,12/24/2013,1,4209102,1,1,07384807000467,BINARIO DISTRIBUIDORA DE EQUIPAMENTOS ELETRONICOS LTDA.,INFRA_PRODUTO_1,MATERIAL DE INFRAESTRUTURA,85177099,6119,UN,1,46910.52,69273.58,0,00,3,0,17.00,7974.79,46910.52,0.00,0.00,0.00,0.00,0.00,Nenhum,Não informado,0,0,0,0,0.00,0.00,0.00,0,0.00,0.00,0.00,0.00,0.00,01,46910.52,1.65,774.02,0,0.00,01,46910.52,7.60,3565.2,0,0.00,71968.16
NFe42131207384807000467550010000027131007002151,42,00700215,1,VENDA A ORDEM,1,55,1,2713,12/24/2013,1,4209102,1,1,07384807000467,BINARIO DISTRIBUIDORA DE EQUIPAMENTOS ELETRONICOS LTDA.,CABO_AUDIO-P2-10M,CABO DE AUDIO P2 10 M,85441990,6119,UN,12,37.05,69273.58,0,00,3,0,17.00,75.58,444.6,0.00,0.00,0.00,0.00,0.00,Nenhum,Não informado,0,0,0,0,0.00,0.00,0.00,0,0.00,0.00,0.00,0.00,0.00,01,444.6,1.65,7.34,0,0.00,01,444.6,7.60,33.79,0,0.00,71968.16
NFe42131207384807000467550010000027141600008691,42,60000869,1,VENDA A ORDEM,1,55,1,2714,12/24/2013,1,4209102,1,1,07384807000467,BINARIO DISTRIBUIDORA DE EQUIPAMENTOS ELETRONICOS LTDA.,CBL-EX-PWR-C13-BR.,AC POWER CABLE - BRAZIL (10A/250V, 2.5M),85444200,6119,UN,1,182.87,182.87,1,00,3,0,17.00,32.64,192.01,0.00,0.00,0.00,0.00,0.00,0,Não informado,0,0,0,50,182.87,5.00,9.14,0,0.00,0.00,0.00,0.00,0.00,01,182.87,1.65,3.02,0,0.00,01,182.87,7.60,13.9,0,0.00,192.01
NFe42131207384807000467550010000027151001305033,42,00130503,3,VENDA A ORDEM,1,55,1,2715,12/24/2013,1,4209102,1,1,07384807000467,BINARIO DISTRIBUIDORA DE EQUIPAMENTOS ELETRONICOS LTDA.,CBL-EX-PWR-C13-BR.,AC POWER CABLE - BRAZIL (10A/250V, 2.5M),85444200,6119,UN,1,182.87,182.87,1,00,3,0,17.00,32.64,192.01,0.00,0.00,0.00,0.00,0.00,0,Não informado,0,0,0,50,182.87,5.00,9.14,0,0.00,0.00,0.00,0.00,0.00,01,182.87,1.65,3.02,0,0.00,01,182.87,7.60,13.9,0,0.00,192.01
NFe42131207384807000467550010000027161806001000,42,80600100,0,VENDA A ORDEM,1,55,1,2716,12/24/2013,1,4209102,1,1,07384807000467,BINARIO DISTRIBUIDORA DE EQUIPAMENTOS ELETRONICOS LTDA.,SRX100H2.,SRX SERVICES GATEWAY 100 WITH 8XFE PORTS WITH 2GB DRAM AND 2GB FLASH. EXTERNAL POWER SUPPLY AND CORD INCLUDED,85176294,6119,UN,1,2329.37,2329.37,1,00,3,0,17.00,455.39,2678.78,0.00,0.00,0.00,0.00,0.00,0,Não informado,0,0,0,50,2329.37,15.00,349.41,0,0.00,0.00,0.00,0.00,0.00,01,2329.37,1.65,38.43,0,0.00,01,2329.37,7.60,177.03,0,0.00,2678.78
NFe42131207384807000467550010000027171272080040,42,27208004,0,VENDA A ORDEM,1,55,1,2717,12/24/2013,1,4209102,1,1,07384807000467,BINARIO DISTRIBUIDORA DE EQUIPAMENTOS ELETRONICOS LTDA.,XR-520.,XR AP WITH INTEGRATED CONTROLLER AND 2 300MBPS 802.11N RADIOS,85176241,6119,UN,7,2538.03,25092.29,1,00,3,0,17.00,3473.29,20431.14,0.00,0.00,0.00,0.00,0.00,0,Não informado,0,0,0,50,17766.21,15.00,2664.93,0,0.00,0.00,0.00,0.00,0.00,01,17766.21,1.65,293.14,0,0.00,01,17766.21,7.60,1350.23,0,0.00,28244.15
NFe42131207384807000467550010000027171272080040,42,27208004,0,VENDA A ORDEM,1,55,1,2717,12/24/2013,1,4209102,1,1,07384807000467,BINARIO DISTRIBUIDORA DE EQUIPAMENTOS ELETRONICOS LTDA.,XE-500-MOUNT.,MOUNTING BRACKET AND 15/16" T-BAR CLIPS FOR XR-520 WIRELESS APS,85177099,6119,UN,7,55.28,25092.29,1,00,3,0,17.00,72.36,425.66,0.00,0.00,0.00,0.00,0.00,0,Não informado,0,0,0,50,386.96,10.00,38.7,0,0.00,0.00,0.00,0.00,0.00,01,386.96,1.65,6.38,0,0.00,01,386.96,7.60,29.41,0,0.00,28244.15
NFe42131207384807000467550010000027171272080040,42,27208004,0,VENDA A ORDEM,1,55,1,2717,12/24/2013,1,4209102,1,1,07384807000467,BINARIO DISTRIBUIDORA DE EQUIPAMENTOS ELETRONICOS LTDA.,XS-PWR-BR.,BRAZIL POWER CORD.,85444200,6119,UN,7,6.14,25092.29,1,00,3,0,17.00,7.67,45.13,0.00,0.00,0.00,0.00,0.00,0,Não informado,0,0,0,50,42.98,5.00,2.15,0,0.00,0.00,0.00,0.00,0.00,01,42.98,1.65,0.71,0,0.00,01,42.98,7.60,3.27,0,0.00,28244.15
NFe42131207384807000467550010000027171272080040,42,27208004,0,VENDA A ORDEM,1,55,1,2717,12/24/2013,1,4209102,1,1,07384807000467,BINARIO DISTRIBUIDORA DE EQUIPAMENTOS ELETRONICOS LTDA.,EX2200-24P-4G.,EX 2200, 24-PORT 10/100/1000BASET (24-PORTS POE+) WITH 4 SFP UPLINK PORTS (OPTICS NOT INCLUDED),85176239,6119,UN,1,377.01,25092.29,1,00,3,0,17.00,73.71,433.56,0.00,0.00,0.00,0.00,0.00,0,Não informado,0,0,0,50,377.01,15.00,56.55,0,0.00,0.00,0.00,0.00,0.00,01,377.01,1.65,6.22,0,0.00,01,377.01,7.60,28.65,0,0.00,28244.15
NFe42131207384807000467550010000027171272080040,42,27208004,0,VENDA A ORDEM,1,55,1,2717,12/24/2013,1,4209102,1,1,07384807000467,BINARIO DISTRIBUIDORA DE EQUIPAMENTOS ELETRONICOS LTDA.,CBL-EX-PWR-C13-BR.,AC POWER CABLE - BRAZIL (10A/250V, 2.5M),85444200,6119,UN,1,182.87,25092.29,1,00,3,0,17.00,32.64,192.01,0.00,0.00,0.00,0.00,0.00,0,Não informado,0,0,0,50,182.87,5.00,9.14,0,0.00,0.00,0.00,0.00,0.00,01,182.87,1.65,3.02,0,0.00,01,182.87,7.60,13.9,0,0.00,28244.15
NFe42131207384807000467550010000027171272080040,42,27208004,0,VENDA A ORDEM,1,55,1,2717,12/24/2013,1,4209102,1,1,07384807000467,BINARIO DISTRIBUIDORA DE EQUIPAMENTOS ELETRONICOS LTDA.,SRX100H2.,SRX SERVICES GATEWAY 100 WITH 8XFE PORTS WITH 2GB DRAM AND 2GB FLASH. EXTERNAL POWER SUPPLY AND CORD INCLUDED,85176294,6119,UN,1,2329.37,25092.29,1,00,3,0,17.00,455.39,2678.78,0.00,0.00,0.00,0.00,0.00,0,Não informado,0,0,0,50,2329.37,15.00,349.41,0,0.00,0.00,0.00,0.00,0.00,01,2329.37,1.65,38.43,0,0.00,01,2329.37,7.60,177.03,0,0.00,28244.15
NFe42131207384807000467550010000027171272080040,42,27208004,0,VENDA A ORDEM,1,55,1,2717,12/24/2013,1,4209102,1,1,07384807000467,BINARIO DISTRIBUIDORA DE EQUIPAMENTOS ELETRONICOS LTDA.,CABO_HDMI_03542,CABO HDMI P/ AUDIO E VIDEO 1.4 C/ 15M,85444200,6119,UN,11,118.41,25092.29,0,00,3,0,17.00,221.43,1302.51,0.00,0.00,0.00,0.00,0.00,Nenhum,Não informado,0,0,0,0,0.00,0.00,0.00,0,0.00,0.00,0.00,0.00,0.00,01,1302.51,1.65,21.49,0,0.00,01,1302.51,7.60,98.99,0,0.00,28244.15
NFe42131207384807000467550010000027171272080040,42,27208004,0,VENDA A ORDEM,1,55,1,2717,12/24/2013,1,4209102,1,1,07384807000467,BINARIO DISTRIBUIDORA DE EQUIPAMENTOS ELETRONICOS LTDA.,SUPORTE_00143,SUPORTE PROJETOR TELES TETO T025/045,73269090,6119,UN,11,97.79,25092.29,0,00,3,0,17.00,182.87,1075.69,0.00,0.00,0.00,0.00,0.00,Nenhum,Não informado,0,0,0,0,0.00,0.00,0.00,0,0.00,0.00,0.00,0.00,0.00,01,1075.69,1.65,17.75,0,0.00,01,1075.69,7.60,81.75,0,0.00,28244.15
NFe42131207384807000467550010000027171272080040,42,27208004,0,VENDA A ORDEM,1,55,1,2717,12/24/2013,1,4209102,1,1,07384807000467,BINARIO DISTRIBUIDORA DE EQUIPAMENTOS ELETRONICOS LTDA.,CABO_VGA_00321,CABO VGA FILTRO DE FERRITE BLINDADO T15 M 8+5 VIAS,85444200,6119,UN,11,82.85,25092.29,0,00,3,0,17.00,154.93,911.35,0.00,0.00,0.00,0.00,0.00,Nenhum,Não informado,0,0,0,0,0.00,0.00,0.00,0,0.00,0.00,0.00,0.00,0.00,01,911.35,1.65,15.04,0,0.00,01,911.35,7.60,69.26,0,0.00,28244.15
NFe42131207384807000467550010000027171272080040,42,27208004,0,VENDA A ORDEM,1,55,1,2717,12/24/2013,1,4209102,1,1,07384807000467,BINARIO DISTRIBUIDORA DE EQUIPAMENTOS ELETRONICOS LTDA.,SRX100-RMK.,SRX100 19" RACK MOUNT KIT - HOLDS TWO UNITS,85177091,6119,UN,1,309.79,25092.29,1,00,3,0,17.00,57.93,340.77,0.00,0.00,0.00,0.00,0.00,0,Não informado,0,0,0,50,309.79,10.00,30.98,0,0.00,0.00,0.00,0.00,0.00,01,309.79,1.65,5.11,0,0.00,01,309.79,7.60,23.54,0,0.00,28244.15
NFe42131207384807000467550010000027171272080040,42,27208004,0,VENDA A ORDEM,1,55,1,2717,12/24/2013,1,4209102,1,1,07384807000467,BINARIO DISTRIBUIDORA DE EQUIPAMENTOS ELETRONICOS LTDA.,CABO_AUDIO-P2-10M,CABO DE AUDIO P2 10 M,85441990,6119,UN,11,37.05,25092.29,0,00,3,0,17.00,69.28,407.55,0.00,0.00,0.00,0.00,0.00,Nenhum,Não informado,0,0,0,0,0.00,0.00,0.00,0,0.00,0.00,0.00,0.00,0.00,01,407.55,1.65,6.72,0,0.00,01,407.55,7.60,30.97,0,0.00,28244.15
NFe42131207384807000467550010000027181900000806,42,90000080,6,VENDA A ORDEM,1,55,1,2718,12/24/2013,1,4209102,1,1,07384807000467,BINARIO DISTRIBUIDORA DE EQUIPAMENTOS ELETRONICOS LTDA.,XR-520.,XR AP WITH INTEGRATED CONTROLLER AND 2 300MBPS 802.11N RADIOS,85176241,6119,UN,5,2538.03,63538.39,1,00,3,0,17.00,2480.92,14593.67,0.00,0.00,0.00,0.00,0.00,0,Não informado,0,0,0,50,12690.15,15.00,1903.52,0,0.00,0.00,0.00,0.00,0.00,01,12690.15,1.65,209.39,0,0.00,01,12690.15,7.60,964.45,0,0.00,66631.07
NFe42131207384807000467550010000027181900000806,42,90000080,6,VENDA A ORDEM,1,55,1,2718,12/24/2013,1,4209102,1,1,07384807000467,BINARIO DISTRIBUIDORA DE EQUIPAMENTOS ELETRONICOS LTDA.,XE-500-MOUNT.,MOUNTING BRACKET AND 15/16" T-BAR CLIPS FOR XR-520 WIRELESS APS,85177099,6119,UN,5,55.28,63538.39,1,00,3,0,17.00,51.69,304.04,0.00,0.00,0.00,0.00,0.00,0,Não informado,0,0,0,50,276.4,10.00,27.64,0,0.00,0.00,0.00,0.00,0.00,01,276.4,1.65,4.56,0,0.00,01,276.4,7.60,21.01,0,0.00,66631.07
NFe42131207384807000467550010000027181900000806,42,90000080,6,VENDA A ORDEM,1,55,1,2718,12/24/2013,1,4209102,1,1,07384807000467,BINARIO DISTRIBUIDORA DE EQUIPAMENTOS ELETRONICOS LTDA.,XS-PWR-BR.,BRAZIL POWER CORD.,85444200,6119,UN,5,6.14,63538.39,1,00,3,0,17.00,5.48,32.24,0.00,0.00,0.00,0.00,0.00,0,Não informado,0,0,0,50,30.7,5.00,1.54,0,0.00,0.00,0.00,0.00,0.00,01,30.7,1.65,0.51,0,0.00,01,30.7,7.60,2.33,0,0.00,66631.07
NFe42131207384807000467550010000027181900000806,42,90000080,6,VENDA A ORDEM,1,55,1,2718,12/24/2013,1,4209102,1,1,07384807000467,BINARIO DISTRIBUIDORA DE EQUIPAMENTOS ELETRONICOS LTDA.,EX2200-C-12P-2G.,EX2200-C COMPACT, FANLESS SWITCH WITH 12-PORT 10/100/1000BASET (12-PORTS POE+) AND 2 DUAL-PURPOSE (10/100/1000BASET OR S,85176239,6119,LC,2.0000,2425.82,63538.39,1,00,3,0,17.00,948.5,5579.39,0.00,0.00,0.00,0.00,0.00,0,Não informado,0,0,0,50,4851.64,15.00,727.75,0,0.00,0.00,0.00,0.00,0.00,01,4851.64,1.65,80.05,0,0.00,01,4851.64,7.60,368.72,0,0.00,66631.07
NFe42131207384807000467550010000027181900000806,42,90000080,6,VENDA A ORDEM,1,55,1,2718,12/24/2013,1,4209102,1,1,07384807000467,BINARIO DISTRIBUIDORA DE EQUIPAMENTOS ELETRONICOS LTDA.,EX-RMK2.,RACK MOUNT KIT FOR EX2200-C,85177099,6119,UN,2,174.56,63538.39,1,00,3,0,17.00,65.29,384.03,0.00,0.00,0.00,0.00,0.00,0,Não informado,0,0,0,50,349.12,10.00,34.91,0,0.00,0.00,0.00,0.00,0.00,01,349.12,1.65,5.76,0,0.00,01,349.12,7.60,26.53,0,0.00,66631.07
NFe42131207384807000467550010000027181900000806,42,90000080,6,VENDA A ORDEM,1,55,1,2718,12/24/2013,1,4209102,1,1,07384807000467,BINARIO DISTRIBUIDORA DE EQUIPAMENTOS ELETRONICOS LTDA.,CBL-EX-PWR-C13-BR.,AC POWER CABLE - BRAZIL (10A/250V, 2.5M),85444200,6119,UN,2,169.33,63538.39,1,00,3,0,17.00,60.45,355.59,0.00,0.00,0.00,0.00,0.00,0,Não informado,0,0,0,50,338.66,5.00,16.93,0,0.00,0.00,0.00,0.00,0.00,01,338.66,1.65,5.59,0,0.00,01,338.66,7.60,25.74,0,0.00,66631.07
NFe42131207384807000467550010000027181900000806,42,90000080,6,VENDA A ORDEM,1,55,1,2718,12/24/2013,1,4209102,1,1,07384807000467,BINARIO DISTRIBUIDORA DE EQUIPAMENTOS ELETRONICOS LTDA.,SRX100H2.,SRX SERVICES GATEWAY 100 WITH 8XFE PORTS WITH 2GB DRAM AND 2GB FLASH. EXTERNAL POWER SUPPLY AND CORD INCLUDED,85176294,6119,UN,1,2329.37,63538.39,1,00,3,0,17.00,455.39,2678.78,0.00,0.00,0.00,0.00,0.00,0,Não informado,0,0,0,50,2329.37,15.00,349.41,0,0.00,0.00,0.00,0.00,0.00,01,2329.37,1.65,38.43,0,0.00,01,2329.37,7.60,177.03,0,0.00,66631.07
NFe42131207384807000467550010000027181900000806,42,90000080,6,VENDA A ORDEM,1,55,1,2718,12/24/2013,1,4209102,1,1,07384807000467,BINARIO DISTRIBUIDORA DE EQUIPAMENTOS ELETRONICOS LTDA.,CABO_HDMI_03542,CABO HDMI P/ AUDIO E VIDEO 1.4 C/ 15M,85444200,6119,UN,3,118.41,63538.39,0,00,3,0,17.00,60.39,355.23,0.00,0.00,0.00,0.00,0.00,Nenhum,Não informado,0,0,0,0,0.00,0.00,0.00,0,0.00,0.00,0.00,0.00,0.00,01,355.23,1.65,5.86,0,0.00,01,355.23,7.60,27,0,0.00,66631.07
NFe42131207384807000467550010000027181900000806,42,90000080,6,VENDA A ORDEM,1,55,1,2718,12/24/2013,1,4209102,1,1,07384807000467,BINARIO DISTRIBUIDORA DE EQUIPAMENTOS ELETRONICOS LTDA.,SUPORTE_00143,SUPORTE PROJETOR TELES TETO T025/045,73269090,6119,UN,3,97.79,63538.39,0,00,3,0,17.00,49.87,293.37,0.00,0.00,0.00,0.00,0.00,Nenhum,Não informado,0,0,0,0,0.00,0.00,0.00,0,0.00,0.00,0.00,0.00,0.00,01,293.37,1.65,4.84,0,0.00,01,293.37,7.60,22.3,0,0.00,66631.07
NFe42131207384807000467550010000027181900000806,42,90000080,6,VENDA A ORDEM,1,55,1,2718,12/24/2013,1,4209102,1,1,07384807000467,BINARIO DISTRIBUIDORA DE EQUIPAMENTOS ELETRONICOS LTDA.,CABO_VGA_00321,CABO VGA FILTRO DE FERRITE BLINDADO T15 M 8+5 VIAS,85444200,6119,UN,3,82.85,63538.39,0,00,3,0,17.00,42.25,248.55,0.00,0.00,0.00,0.00,0.00,Nenhum,Não informado,0,0,0,0,0.00,0.00,0.00,0,0.00,0.00,0.00,0.00,0.00,01,248.55,1.65,4.1,0,0.00,01,248.55,7.60,18.89,0,0.00,66631.07
NFe42131207384807000467550010000027181900000806,42,90000080,6,VENDA A ORDEM,1,55,1,2718,12/24/2013,1,4209102,1,1,07384807000467,BINARIO DISTRIBUIDORA DE EQUIPAMENTOS ELETRONICOS LTDA.,SRX100-RMK.,SRX100 19" RACK MOUNT KIT - HOLDS TWO UNITS,85177091,6119,UN,1,309.79,63538.39,1,00,3,0,17.00,57.93,340.77,0.00,0.00,0.00,0.00,0.00,0,Não informado,0,0,0,50,309.79,10.00,30.98,0,0.00,0.00,0.00,0.00,0.00,01,309.79,1.65,5.11,0,0.00,01,309.79,7.60,23.54,0,0.00,66631.07
NFe42131207384807000467550010000027181900000806,42,90000080,6,VENDA A ORDEM,1,55,1,2718,12/24/2013,1,4209102,1,1,07384807000467,BINARIO DISTRIBUIDORA DE EQUIPAMENTOS ELETRONICOS LTDA.,INFRA_PRODUTO_1,MATERIAL DE INFRAESTRUTURA,85177099,6119,UN,1,41354.26,63538.39,0,00,3,0,17.00,7030.22,41354.26,0.00,0.00,0.00,0.00,0.00,Nenhum,Não informado,0,0,0,0,0.00,0.00,0.00,0,0.00,0.00,0.00,0.00,0.00,01,41354.26,1.65,682.35,0,0.00,01,41354.26,7.60,3142.92,0,0.00,66631.07
NFe42131207384807000467550010000027181900000806,42,90000080,6,VENDA A ORDEM,1,55,1,2718,12/24/2013,1,4209102,1,1,07384807000467,BINARIO DISTRIBUIDORA DE EQUIPAMENTOS ELETRONICOS LTDA.,CABO_AUDIO-P2-10M,CABO DE AUDIO P2 10 M,85441990,6119,UN,3,37.05,63538.39,0,00,3,0,17.00,18.9,111.15,0.00,0.00,0.00,0.00,0.00,Nenhum,Não informado,0,0,0,0,0.00,0.00,0.00,0,0.00,0.00,0.00,0.00,0.00,01,111.15,1.65,1.83,0,0.00,01,111.15,7.60,8.45,0,0.00,66631.07
NFe42131207384807000467550010000027191920300004,42,92030000,4,VENDA A ORDEM,1,55,1,2719,12/26/2013,1,4209102,1,1,07384807000467,BINARIO DISTRIBUIDORA DE EQUIPAMENTOS ELETRONICOS LTDA.,INFRA_PRODUTO_1,MATERIAL DE INFRAESTRUTURA,85177099,6119,UN,1,48033.06,48033.06,0,00,3,0,17.00,8165.62,48033.06,0.00,0.00,0.00,0.00,0.00,Nenhum,Não informado,0,0,0,0,0.00,0.00,0.00,0,0.00,0.00,0.00,0.00,0.00,01,48033.06,1.65,792.55,0,0.00,01,48033.06,7.60,3650.51,0,0.00,48033.06
NFe42131207384807000467550010000027201360350851,42,36035085,1,VENDA A ORDEM,1,55,1,2720,12/26/2013,1,4209102,1,1,07384807000467,BINARIO DISTRIBUIDORA DE EQUIPAMENTOS ELETRONICOS LTDA.,XR-520.,XR AP WITH INTEGRATED CONTROLLER AND 2 300MBPS 802.11N RADIOS,85176241,6119,UN,3,2521.75,63109.23,1,00,3,0,17.00,1479.01,8700.04,0.00,0.00,0.00,0.00,0.00,0,Não informado,0,0,0,50,7565.25,15.00,1134.79,0,0.00,0.00,0.00,0.00,0.00,01,7565.25,1.65,124.83,0,0.00,01,7565.25,7.60,574.96,0,0.00,65220.79
NFe42131207384807000467550010000027201360350851,42,36035085,1,VENDA A ORDEM,1,55,1,2720,12/26/2013,1,4209102,1,1,07384807000467,BINARIO DISTRIBUIDORA DE EQUIPAMENTOS ELETRONICOS LTDA.,XE-500-MOUNT.,MOUNTING BRACKET AND 15/16" T-BAR CLIPS FOR XR-520 WIRELESS APS,85177099,6119,UN,3,54.92,63109.23,1,00,3,0,17.00,30.81,181.24,0.00,0.00,0.00,0.00,0.00,0,Não informado,0,0,0,50,164.76,10.00,16.48,0,0.00,0.00,0.00,0.00,0.00,01,164.76,1.65,2.72,0,0.00,01,164.76,7.60,12.52,0,0.00,65220.79
NFe42131207384807000467550010000027201360350851,42,36035085,1,VENDA A ORDEM,1,55,1,2720,12/26/2013,1,4209102,1,1,07384807000467,BINARIO DISTRIBUIDORA DE EQUIPAMENTOS ELETRONICOS LTDA.,XS-PWR-BR.,BRAZIL POWER CORD.,85444200,6119,UN,3,6.1,63109.23,1,00,3,0,17.00,3.27,19.22,0.00,0.00,0.00,0.00,0.00,0,Não informado,0,0,0,50,18.3,5.00,0.92,0,0.00,0.00,0.00,0.00,0.00,01,18.3,1.65,0.3,0,0.00,01,18.3,7.60,1.39,0,0.00,65220.79
NFe42131207384807000467550010000027201360350851,42,36035085,1,VENDA A ORDEM,1,55,1,2720,12/26/2013,1,4209102,1,1,07384807000467,BINARIO DISTRIBUIDORA DE EQUIPAMENTOS ELETRONICOS LTDA.,EX2200-24P-4G.,EX 2200, 24-PORT 10/100/1000BASET (24-PORTS POE+) WITH 4 SFP UPLINK PORTS (OPTICS NOT INCLUDED),85176239,6119,UN,1,3815.52,63109.23,1,00,3,0,17.00,745.93,4387.85,0.00,0.00,0.00,0.00,0.00,0,Não informado,0,0,0,50,3815.52,15.00,572.33,0,0.00,0.00,0.00,0.00,0.00,01,3815.52,1.65,62.96,0,0.00,01,3815.52,7.60,289.98,0,0.00,65220.79
NFe42131207384807000467550010000027201360350851,42,36035085,1,VENDA A ORDEM,1,55,1,2720,12/26/2013,1,4209102,1,1,07384807000467,BINARIO DISTRIBUIDORA DE EQUIPAMENTOS ELETRONICOS LTDA.,CBL-EX-PWR-C13-BR.,AC POWER CABLE - BRAZIL (10A/250V, 2.5M),85444200,6119,UN,1,181.7,63109.23,1,00,3,0,17.00,32.43,190.79,0.00,0.00,0.00,0.00,0.00,0,Não informado,0,0,0,50,181.7,5.00,9.09,0,0.00,0.00,0.00,0.00,0.00,01,181.7,1.65,3,0,0.00,01,181.7,7.60,13.81,0,0.00,65220.79
NFe42131207384807000467550010000027201360350851,42,36035085,1,VENDA A ORDEM,1,55,1,2720,12/26/2013,1,4209102,1,1,07384807000467,BINARIO DISTRIBUIDORA DE EQUIPAMENTOS ELETRONICOS LTDA.,SRX100H2.,SRX SERVICES GATEWAY 100 WITH 8XFE PORTS WITH 2GB DRAM AND 2GB FLASH. EXTERNAL POWER SUPPLY AND CORD INCLUDED,85176294,6119,UN,1,2314.44,63109.23,1,00,3,0,17.00,452.47,2661.61,0.00,0.00,0.00,0.00,0.00,0,Não informado,0,0,0,50,2314.44,15.00,347.17,0,0.00,0.00,0.00,0.00,0.00,01,2314.44,1.65,38.19,0,0.00,01,2314.44,7.60,175.9,0,0.00,65220.79
NFe42131207384807000467550010000027201360350851,42,36035085,1,VENDA A ORDEM,1,55,1,2720,12/26/2013,1,4209102,1,1,07384807000467,BINARIO DISTRIBUIDORA DE EQUIPAMENTOS ELETRONICOS LTDA.,CABO_HDMI_03542,CABO HDMI P/ AUDIO E VIDEO 1.4 C/ 15M,85444200,6119,UN,10,117.65,63109.23,0,00,3,0,17.00,200.01,1176.5,0.00,0.00,0.00,0.00,0.00,Nenhum,Não informado,0,0,0,0,0.00,0.00,0.00,0,0.00,0.00,0.00,0.00,0.00,01,1176.5,1.65,19.41,0,0.00,01,1176.5,7.60,89.41,0,0.00,65220.79
NFe42131207384807000467550010000027201360350851,42,36035085,1,VENDA A ORDEM,1,55,1,2720,12/26/2013,1,4209102,1,1,07384807000467,BINARIO DISTRIBUIDORA DE EQUIPAMENTOS ELETRONICOS LTDA.,SUPORTE_00143,SUPORTE PROJETOR TELES TETO T025/045,73269090,6119,UN,10,97.16,63109.23,0,00,3,0,17.00,165.17,971.6,0.00,0.00,0.00,0.00,0.00,Nenhum,Não informado,0,0,0,0,0.00,0.00,0.00,0,0.00,0.00,0.00,0.00,0.00,01,971.6,1.65,16.03,0,0.00,01,971.6,7.60,73.84,0,0.00,65220.79
NFe42131207384807000467550010000027201360350851,42,36035085,1,VENDA A ORDEM,1,55,1,2720,12/26/2013,1,4209102,1,1,07384807000467,BINARIO DISTRIBUIDORA DE EQUIPAMENTOS ELETRONICOS LTDA.,CABO_VGA_00321,CABO VGA FILTRO DE FERRITE BLINDADO T15 M 8+5 VIAS,85444200,6119,UN,10,82.32,63109.23,0,00,3,0,17.00,139.94,823.2,0.00,0.00,0.00,0.00,0.00,Nenhum,Não informado,0,0,0,0,0.00,0.00,0.00,0,0.00,0.00,0.00,0.00,0.00,01,823.2,1.65,13.58,0,0.00,01,823.2,7.60,62.56,0,0.00,65220.79
NFe42131207384807000467550010000027201360350851,42,36035085,1,VENDA A ORDEM,1,55,1,2720,12/26/2013,1,4209102,1,1,07384807000467,BINARIO DISTRIBUIDORA DE EQUIPAMENTOS ELETRONICOS LTDA.,SRX100-RMK.,SRX100 19" RACK MOUNT KIT - HOLDS TWO UNITS,85177091,6119,UN,1,307.81,63109.23,1,00,3,0,17.00,57.56,338.59,0.00,0.00,0.00,0.00,0.00,0,Não informado,0,0,0,50,307.81,10.00,30.78,0,0.00,0.00,0.00,0.00,0.00,01,307.81,1.65,5.08,0,0.00,01,307.81,7.60,23.39,0,0.00,65220.79
NFe42131207384807000467550010000027201360350851,42,36035085,1,VENDA A ORDEM,1,55,1,2720,12/26/2013,1,4209102,1,1,07384807000467,BINARIO DISTRIBUIDORA DE EQUIPAMENTOS ELETRONICOS LTDA.,INFRA_PRODUTO_1,MATERIAL DE INFRAESTRUTURA,85177099,6119,UN,1,45402.05,63109.23,0,00,3,0,17.00,7718.35,45402.05,0.00,0.00,0.00,0.00,0.00,Nenhum,Não informado,0,0,0,0,0.00,0.00,0.00,0,0.00,0.00,0.00,0.00,0.00,01,45402.05,1.65,749.13,0,0.00,01,45402.05,7.60,3450.56,0,0.00,65220.79
NFe42131207384807000467550010000027201360350851,42,36035085,1,VENDA A ORDEM,1,55,1,2720,12/26/2013,1,4209102,1,1,07384807000467,BINARIO DISTRIBUIDORA DE EQUIPAMENTOS ELETRONICOS LTDA.,CABO_AUDIO-P2-10M,CABO DE AUDIO P2 10 M,85441990,6119,UN,10,36.81,63109.23,0,00,3,0,17.00,62.58,368.1,0.00,0.00,0.00,0.00,0.00,Nenhum,Não informado,0,0,0,0,0.00,0.00,0.00,0,0.00,0.00,0.00,0.00,0.00,01,368.1,1.65,6.07,0,0.00,01,368.1,7.60,27.98,0,0.00,65220.79
NFe42131207384807000467550010000027211400090003,42,40009000,3,VENDA A ORDEM,1,55,1,2721,12/26/2013,1,4209102,1,1,07384807000467,BINARIO DISTRIBUIDORA DE EQUIPAMENTOS ELETRONICOS LTDA.,XR-520.,XR AP WITH INTEGRATED CONTROLLER AND 2 300MBPS 802.11N RADIOS,85176241,6119,UN,18,2521.75,185877.75,1,00,3,0,17.00,8874.04,52200.23,0.00,0.00,0.00,0.00,0.00,0,Não informado,0,0,0,50,45391.5,15.00,6808.73,0,0.00,0.00,0.00,0.00,0.00,01,45391.5,1.65,748.96,0,0.00,01,45391.5,7.60,3449.75,0,0.00,195572.82
NFe42131207384807000467550010000027211400090003,42,40009000,3,VENDA A ORDEM,1,55,1,2721,12/26/2013,1,4209102,1,1,07384807000467,BINARIO DISTRIBUIDORA DE EQUIPAMENTOS ELETRONICOS LTDA.,XE-500-MOUNT.,MOUNTING BRACKET AND 15/16" T-BAR CLIPS FOR XR-520 WIRELESS APS,85177099,6119,UN,18,54.92,185877.75,1,00,3,0,17.00,184.86,1087.42,0.00,0.00,0.00,0.00,0.00,0,Não informado,0,0,0,50,988.56,10.00,98.86,0,0.00,0.00,0.00,0.00,0.00,01,988.56,1.65,16.31,0,0.00,01,988.56,7.60,75.13,0,0.00,195572.82
NFe42131207384807000467550010000027211400090003,42,40009000,3,VENDA A ORDEM,1,55,1,2721,12/26/2013,1,4209102,1,1,07384807000467,BINARIO DISTRIBUIDORA DE EQUIPAMENTOS ELETRONICOS LTDA.,SRX100H2.,SRX SERVICES GATEWAY 100 WITH 8XFE PORTS WITH 2GB DRAM AND 2GB FLASH. EXTERNAL POWER SUPPLY AND CORD INCLUDED,85176294,6119,UN,1,2314.44,185877.75,1,00,3,0,17.00,452.47,2661.61,0.00,0.00,0.00,0.00,0.00,0,Não informado,0,0,0,50,2314.44,15.00,347.17,0,0.00,0.00,0.00,0.00,0.00,01,2314.44,1.65,38.19,0,0.00,01,2314.44,7.60,175.9,0,0.00,195572.82
NFe42131207384807000467550010000027211400090003,42,40009000,3,VENDA A ORDEM,1,55,1,2721,12/26/2013,1,4209102,1,1,07384807000467,BINARIO DISTRIBUIDORA DE EQUIPAMENTOS ELETRONICOS LTDA.,CABO_HDMI_03542,CABO HDMI P/ AUDIO E VIDEO 1.4 C/ 15M,85444200,6119,UN,40,117.65,185877.75,0,00,3,0,17.00,800.02,4706,0.00,0.00,0.00,0.00,0.00,Nenhum,Não informado,0,0,0,0,0.00,0.00,0.00,0,0.00,0.00,0.00,0.00,0.00,01,4706,1.65,77.65,0,0.00,01,4706,7.60,357.66,0,0.00,195572.82
NFe42131207384807000467550010000027211400090003,42,40009000,3,VENDA A ORDEM,1,55,1,2721,12/26/2013,1,4209102,1,1,07384807000467,BINARIO DISTRIBUIDORA DE EQUIPAMENTOS ELETRONICOS LTDA.,SUPORTE_00143,SUPORTE PROJETOR TELES TETO T025/045,73269090,6119,UN,40,97.16,185877.75,0,00,3,0,17.00,660.69,3886.4,0.00,0.00,0.00,0.00,0.00,Nenhum,Não informado,0,0,0,0,0.00,0.00,0.00,0,0.00,0.00,0.00,0.00,0.00,01,3886.4,1.65,64.13,0,0.00,01,3886.4,7.60,295.37,0,0.00,195572.82
NFe42131207384807000467550010000027211400090003,42,40009000,3,VENDA A ORDEM,1,55,1,2721,12/26/2013,1,4209102,1,1,07384807000467,BINARIO DISTRIBUIDORA DE EQUIPAMENTOS ELETRONICOS LTDA.,CABO_AUDIO-P2-10M,CABO DE AUDIO P2 10 M,85441990,6119,UN,40,82.32,185877.75,0,00,3,0,17.00,559.78,3292.8,0.00,0.00,0.00,0.00,0.00,Nenhum,Não informado,0,0,0,0,0.00,0.00,0.00,0,0.00,0.00,0.00,0.00,0.00,01,3292.8,1.65,54.33,0,0.00,01,3292.8,7.60,250.25,0,0.00,195572.82
NFe42131207384807000467550010000027211400090003,42,40009000,3,VENDA A ORDEM,1,55,1,2721,12/26/2013,1,4209102,1,1,07384807000467,BINARIO DISTRIBUIDORA DE EQUIPAMENTOS ELETRONICOS LTDA.,XS-PWR-BR.,BRAZIL POWER CORD.,85444200,6119,UN,18,6.1,185877.75,1,00,3,0,17.00,19.6,115.29,0.00,0.00,0.00,0.00,0.00,0,Não informado,0,0,0,50,109.8,5.00,5.49,0,0.00,0.00,0.00,0.00,0.00,01,109.8,1.65,1.81,0,0.00,01,109.8,7.60,8.34,0,0.00,195572.82
NFe42131207384807000467550010000027211400090003,42,40009000,3,VENDA A ORDEM,1,55,1,2721,12/26/2013,1,4209102,1,1,07384807000467,BINARIO DISTRIBUIDORA DE EQUIPAMENTOS ELETRONICOS LTDA.,EX2200-24P-4G.,EX 2200, 24-PORT 10/100/1000BASET (24-PORTS POE+) WITH 4 SFP UPLINK PORTS (OPTICS NOT INCLUDED),85176239,6119,UN,1,3815.52,185877.75,1,00,3,0,17.00,745.93,4387.85,0.00,0.00,0.00,0.00,0.00,0,Não informado,0,0,0,50,3815.52,15.00,572.33,0,0.00,0.00,0.00,0.00,0.00,01,3815.52,1.65,62.96,0,0.00,01,3815.52,7.60,289.98,0,0.00,195572.82
NFe42131207384807000467550010000027211400090003,42,40009000,3,VENDA A ORDEM,1,55,1,2721,12/26/2013,1,4209102,1,1,07384807000467,BINARIO DISTRIBUIDORA DE EQUIPAMENTOS ELETRONICOS LTDA.,CBL-EX-PWR-C13-BR.,AC POWER CABLE - BRAZIL (10A/250V, 2.5M),85444200,6119,UN,4,181.7,185877.75,1,00,3,0,17.00,129.73,763.14,0.00,0.00,0.00,0.00,0.00,0,Não informado,0,0,0,50,726.8,5.00,36.34,0,0.00,0.00,0.00,0.00,0.00,01,726.8,1.65,11.99,0,0.00,01,726.8,7.60,55.24,0,0.00,195572.82
NFe42131207384807000467550010000027211400090003,42,40009000,3,VENDA A ORDEM,1,55,1,2721,12/26/2013,1,4209102,1,1,07384807000467,BINARIO DISTRIBUIDORA DE EQUIPAMENTOS ELETRONICOS LTDA.,EX-SFP-1GE-SX.,SFP 1000BASE-SX GIGABIT ETHERNET OPTICS, 850NM FOR UPTO 550M TRANSMISSION ON MMF,85176299,6119,UN,2,1589.9,185877.75,1,00,3,0,17.00,648.68,3815.76,0.00,0.00,0.00,0.00,0.00,0,Não informado,0,0,0,50,3179.8,20.00,635.96,0,0.00,0.00,0.00,0.00,0.00,01,3179.8,1.65,52.47,0,0.00,01,3179.8,7.60,241.66,0,0.00,195572.82
NFe42131207384807000467550010000027211400090003,42,40009000,3,VENDA A ORDEM,1,55,1,2721,12/26/2013,1,4209102,1,1,07384807000467,BINARIO DISTRIBUIDORA DE EQUIPAMENTOS ELETRONICOS LTDA.,RACK,RACKS REMOTOS,84735090,6119,UN,1,1248.36,185877.75,0,00,3,0,17.00,212.22,1248.36,0.00,0.00,0.00,0.00,0.00,Nenhum,Não informado,0,0,0,0,0.00,0.00,0.00,0,0.00,0.00,0.00,0.00,0.00,01,1248.36,1.65,20.6,0,0.00,01,1248.36,7.60,94.88,0,0.00,195572.82
NFe42131207384807000467550010000027211400090003,42,40009000,3,VENDA A ORDEM,1,55,1,2721,12/26/2013,1,4209102,1,1,07384807000467,BINARIO DISTRIBUIDORA DE EQUIPAMENTOS ELETRONICOS LTDA.,INFRA_PRODUTO_1,MATERIAL DE INFRAESTRUTURA,85177099,6119,UN,1,106458.92,185877.75,0,00,3,0,17.00,18098.02,106458.92,0.00,0.00,0.00,0.00,0.00,Nenhum,Não informado,0,0,0,0,0.00,0.00,0.00,0,0.00,0.00,0.00,0.00,0.00,01,106458.92,1.65,1756.57,0,0.00,01,106458.92,7.60,8090.88,0,0.00,195572.82
NFe42131207384807000467550010000027211400090003,42,40009000,3,VENDA A ORDEM,1,55,1,2721,12/26/2013,1,4209102,1,1,07384807000467,BINARIO DISTRIBUIDORA DE EQUIPAMENTOS ELETRONICOS LTDA.,EX-RMK2.,RACK MOUNT KIT FOR EX2200-C,85177099,6119,UN,3,84.22,185877.75,1,00,3,0,17.00,47.25,277.93,0.00,0.00,0.00,0.00,0.00,0,Não informado,0,0,0,50,252.66,10.00,25.27,0,0.00,0.00,0.00,0.00,0.00,01,252.66,1.65,4.17,0,0.00,01,252.66,7.60,19.2,0,0.00,195572.82
NFe42131207384807000467550010000027211400090003,42,40009000,3,VENDA A ORDEM,1,55,1,2721,12/26/2013,1,4209102,1,1,07384807000467,BINARIO DISTRIBUIDORA DE EQUIPAMENTOS ELETRONICOS LTDA.,EX2200-C-12P-2G.,EX2200-C COMPACT, FANLESS SWITCH WITH 12-PORT 10/100/1000BASET (12-PORTS POE+) AND 2 DUAL-PURPOSE (10/100/1000BASET OR S,85176239,6119,LC,3.0000,2410.27,185877.75,1,00,3,0,17.00,1413.62,8315.43,0.00,0.00,0.00,0.00,0.00,0,Não informado,0,0,0,50,7230.81,15.00,1084.62,0,0.00,0.00,0.00,0.00,0.00,01,7230.81,1.65,119.31,0,0.00,01,7230.81,7.60,549.54,0,0.00,195572.82
NFe42131207384807000467550010000027211400090003,42,40009000,3,VENDA A ORDEM,1,55,1,2721,12/26/2013,1,4209102,1,1,07384807000467,BINARIO DISTRIBUIDORA DE EQUIPAMENTOS ELETRONICOS LTDA.,SRX100-RMK.,SRX100 19" RACK MOUNT KIT - HOLDS TWO UNITS,85177091,6119,UN,1,802.98,185877.75,1,00,3,0,17.00,150.16,883.28,0.00,0.00,0.00,0.00,0.00,0,Não informado,0,0,0,50,802.98,10.00,80.3,0,0.00,0.00,0.00,0.00,0.00,01,802.98,1.65,13.25,0,0.00,01,802.98,7.60,61.03,0,0.00,195572.82
NFe42131207384807000467550010000027211400090003,42,40009000,3,VENDA A ORDEM,1,55,1,2721,12/26/2013,1,4209102,1,1,07384807000467,BINARIO DISTRIBUIDORA DE EQUIPAMENTOS ELETRONICOS LTDA.,CABO_VGA_00321,CABO VGA FILTRO DE FERRITE BLINDADO T15 M 8+5 VIAS,85444200,6119,UN,40,36.81,185877.75,0,00,3,0,17.00,250.31,1472.4,0.00,0.00,0.00,0.00,0.00,Nenhum,Não informado,0,0,0,0,0.00,0.00,0.00,0,0.00,0.00,0.00,0.00,0.00,01,1472.4,1.65,24.29,0,0.00,01,1472.4,7.60,111.9,0,0.00,195572.82
NFe42131207384807000467550010000027231047950596,42,04795059,6,VENDA A ORDEM,1,55,1,2723,12/26/2013,1,4209102,1,1,07384807000467,BINARIO DISTRIBUIDORA DE EQUIPAMENTOS ELETRONICOS LTDA.,XR-520.,XR AP WITH INTEGRATED CONTROLLER AND 2 300MBPS 802.11N RADIOS,85176241,6119,UN,12,2521.75,139056.19,1,00,3,0,17.00,5916.03,34800.15,0.00,0.00,0.00,0.00,0.00,0,Não informado,0,0,0,50,30261,15.00,4539.15,0,0.00,0.00,0.00,0.00,0.00,01,30261,1.65,499.31,0,0.00,01,30261,7.60,2299.84,0,0.00,147014.08
NFe42131207384807000467550010000027231047950596,42,04795059,6,VENDA A ORDEM,1,55,1,2723,12/26/2013,1,4209102,1,1,07384807000467,BINARIO DISTRIBUIDORA DE EQUIPAMENTOS ELETRONICOS LTDA.,XE-500-MOUNT.,MOUNTING BRACKET AND 15/16" T-BAR CLIPS FOR XR-520 WIRELESS APS,85177099,6119,UN,12,54.92,139056.19,1,00,3,0,17.00,123.24,724.94,0.00,0.00,0.00,0.00,0.00,0,Não informado,0,0,0,50,659.04,10.00,65.9,0,0.00,0.00,0.00,0.00,0.00,01,659.04,1.65,10.87,0,0.00,01,659.04,7.60,50.09,0,0.00,147014.08
NFe42131207384807000467550010000027231047950596,42,04795059,6,VENDA A ORDEM,1,55,1,2723,12/26/2013,1,4209102,1,1,07384807000467,BINARIO DISTRIBUIDORA DE EQUIPAMENTOS ELETRONICOS LTDA.,XS-PWR-BR.,BRAZIL POWER CORD.,85444200,6119,UN,12,6.1,139056.19,1,00,3,0,17.00,13.07,76.86,0.00,0.00,0.00,0.00,0.00,0,Não informado,0,0,0,50,73.2,5.00,3.66,0,0.00,0.00,0.00,0.00,0.00,01,73.2,1.65,1.21,0,0.00,01,73.2,7.60,5.56,0,0.00,147014.08
NFe42131207384807000467550010000027231047950596,42,04795059,6,VENDA A ORDEM,1,55,1,2723,12/26/2013,1,4209102,1,1,07384807000467,BINARIO DISTRIBUIDORA DE EQUIPAMENTOS ELETRONICOS LTDA.,EX2200-24P-4G.,EX 2200, 24-PORT 10/100/1000BASET (24-PORTS POE+) WITH 4 SFP UPLINK PORTS (OPTICS NOT INCLUDED),85176239,6119,UN,2,8610.32,139056.19,1,00,3,0,17.00,3366.64,19803.74,0.00,0.00,0.00,0.00,0.00,0,Não informado,0,0,0,50,17220.64,15.00,2583.1,0,0.00,0.00,0.00,0.00,0.00,01,17220.64,1.65,284.14,0,0.00,01,17220.64,7.60,1308.77,0,0.00,147014.08
NFe42131207384807000467550010000027231047950596,42,04795059,6,VENDA A ORDEM,1,55,1,2723,12/26/2013,1,4209102,1,1,07384807000467,BINARIO DISTRIBUIDORA DE EQUIPAMENTOS ELETRONICOS LTDA.,CBL-EX-PWR-C13-BR.,AC POWER CABLE - BRAZIL (10A/250V, 2.5M),85444200,6119,UN,2,181.7,139056.19,1,00,3,0,17.00,64.87,381.57,0.00,0.00,0.00,0.00,0.00,0,Não informado,0,0,0,50,363.4,5.00,18.17,0,0.00,0.00,0.00,0.00,0.00,01,363.4,1.65,6,0,0.00,01,363.4,7.60,27.62,0,0.00,147014.08
NFe42131207384807000467550010000027231047950596,42,04795059,6,VENDA A ORDEM,1,55,1,2723,12/26/2013,1,4209102,1,1,07384807000467,BINARIO DISTRIBUIDORA DE EQUIPAMENTOS ELETRONICOS LTDA.,EX2200-C-12P-2G.,EX2200-C COMPACT, FANLESS SWITCH WITH 12-PORT 10/100/1000BASET (12-PORTS POE+) AND 2 DUAL-PURPOSE (10/100/1000BASET OR S,85176239,6119,LC,1.0000,2410.27,139056.19,1,00,3,0,17.00,471.21,2771.81,0.00,0.00,0.00,0.00,0.00,0,Não informado,0,0,0,50,2410.27,15.00,361.54,0,0.00,0.00,0.00,0.00,0.00,01,2410.27,1.65,39.77,0,0.00,01,2410.27,7.60,183.18,0,0.00,147014.08
NFe42131207384807000467550010000027231047950596,42,04795059,6,VENDA A ORDEM,1,55,1,2723,12/26/2013,1,4209102,1,1,07384807000467,BINARIO DISTRIBUIDORA DE EQUIPAMENTOS ELETRONICOS LTDA.,EX-RMK2.,RACK MOUNT KIT FOR EX2200-C,85177099,6119,UN,1,84.22,139056.19,1,00,3,0,17.00,15.75,92.64,0.00,0.00,0.00,0.00,0.00,0,Não informado,0,0,0,50,84.22,10.00,8.42,0,0.00,0.00,0.00,0.00,0.00,01,84.22,1.65,1.39,0,0.00,01,84.22,7.60,6.4,0,0.00,147014.08
NFe42131207384807000467550010000027231047950596,42,04795059,6,VENDA A ORDEM,1,55,1,2723,12/26/2013,1,4209102,1,1,07384807000467,BINARIO DISTRIBUIDORA DE EQUIPAMENTOS ELETRONICOS LTDA.,SRX100H2.,SRX SERVICES GATEWAY 100 WITH 8XFE PORTS WITH 2GB DRAM AND 2GB FLASH. EXTERNAL POWER SUPPLY AND CORD INCLUDED,85176294,6119,UN,1,2314.44,139056.19,1,00,3,0,17.00,452.47,2661.61,0.00,0.00,0.00,0.00,0.00,0,Não informado,0,0,0,50,2314.44,15.00,347.17,0,0.00,0.00,0.00,0.00,0.00,01,2314.44,1.65,38.19,0,0.00,01,2314.44,7.60,175.9,0,0.00,147014.08
NFe42131207384807000467550010000027231047950596,42,04795059,6,VENDA A ORDEM,1,55,1,2723,12/26/2013,1,4209102,1,1,07384807000467,BINARIO DISTRIBUIDORA DE EQUIPAMENTOS ELETRONICOS LTDA.,CABO_HDMI_03542,CABO HDMI P/ AUDIO E VIDEO 1.4 C/ 15M,85444200,6119,UN,24,117.65,139056.19,0,00,3,0,17.00,480.01,2823.6,0.00,0.00,0.00,0.00,0.00,Nenhum,Não informado,0,0,0,0,0.00,0.00,0.00,0,0.00,0.00,0.00,0.00,0.00,01,2823.6,1.65,46.59,0,0.00,01,2823.6,7.60,214.59,0,0.00,147014.08
NFe42131207384807000467550010000027231047950596,42,04795059,6,VENDA A ORDEM,1,55,1,2723,12/26/2013,1,4209102,1,1,07384807000467,BINARIO DISTRIBUIDORA DE EQUIPAMENTOS ELETRONICOS LTDA.,SUPORTE_00143,SUPORTE PROJETOR TELES TETO T025/045,73269090,6119,UN,24,97.16,139056.19,0,00,3,0,17.00,396.41,2331.84,0.00,0.00,0.00,0.00,0.00,Nenhum,Não informado,0,0,0,0,0.00,0.00,0.00,0,0.00,0.00,0.00,0.00,0.00,01,2331.84,1.65,38.48,0,0.00,01,2331.84,7.60,177.22,0,0.00,147014.08
NFe42131207384807000467550010000027231047950596,42,04795059,6,VENDA A ORDEM,1,55,1,2723,12/26/2013,1,4209102,1,1,07384807000467,BINARIO DISTRIBUIDORA DE EQUIPAMENTOS ELETRONICOS LTDA.,CABO_VGA_00321,CABO VGA FILTRO DE FERRITE BLINDADO T15 M 8+5 VIAS,85444200,6119,UN,24,82.32,139056.19,0,00,3,0,17.00,335.87,1975.68,0.00,0.00,0.00,0.00,0.00,Nenhum,Não informado,0,0,0,0,0.00,0.00,0.00,0,0.00,0.00,0.00,0.00,0.00,01,1975.68,1.65,32.6,0,0.00,01,1975.68,7.60,150.15,0,0.00,147014.08
NFe42131207384807000467550010000027231047950596,42,04795059,6,VENDA A ORDEM,1,55,1,2723,12/26/2013,1,4209102,1,1,07384807000467,BINARIO DISTRIBUIDORA DE EQUIPAMENTOS ELETRONICOS LTDA.,SRX100-RMK.,SRX100 19" RACK MOUNT KIT - HOLDS TWO UNITS,85177091,6119,UN,1,307.81,139056.19,1,00,3,0,17.00,57.56,338.59,0.00,0.00,0.00,0.00,0.00,0,Não informado,0,0,0,50,307.81,10.00,30.78,0,0.00,0.00,0.00,0.00,0.00,01,307.81,1.65,5.08,0,0.00,01,307.81,7.60,23.39,0,0.00,147014.08
NFe42131207384807000467550010000027231047950596,42,04795059,6,VENDA A ORDEM,1,55,1,2723,12/26/2013,1,4209102,1,1,07384807000467,BINARIO DISTRIBUIDORA DE EQUIPAMENTOS ELETRONICOS LTDA.,INFRA_PRODUTO_1,MATERIAL DE INFRAESTRUTURA,85177099,6119,UN,1,77347.61,139056.19,0,00,3,0,17.00,13149.09,77347.61,0.00,0.00,0.00,0.00,0.00,Nenhum,Não informado,0,0,0,0,0.00,0.00,0.00,0,0.00,0.00,0.00,0.00,0.00,01,77347.61,1.65,1276.24,0,0.00,01,77347.61,7.60,5878.42,0,0.00,147014.08
NFe42131207384807000467550010000027231047950596,42,04795059,6,VENDA A ORDEM,1,55,1,2723,12/26/2013,1,4209102,1,1,07384807000467,BINARIO DISTRIBUIDORA DE EQUIPAMENTOS ELETRONICOS LTDA.,CABO_AUDIO-P2-10M,CABO DE AUDIO P2 10 M,85441990,6119,UN,24,36.81,139056.19,0,00,3,0,17.00,150.18,883.44,0.00,0.00,0.00,0.00,0.00,Nenhum,Não informado,0,0,0,0,0.00,0.00,0.00,0,0.00,0.00,0.00,0.00,0.00,01,883.44,1.65,14.58,0,0.00,01,883.44,7.60,67.14,0,0.00,147014.08
NFe35131209350370000808550010000021721695753836,35,69575383,6,VENDA MERC.ADQ.REC.TERC.SUJ.REG.SUBST.TRIB.,1,55,1,2172,12/20/2013,1,3550308,1,1,09350370000808,MISTER TECH COM.REPRESENTACAO, IMPORTACAO E EXPORTACAO LTDA,155853,PROJETOR EPSON POWERLITE PRESENT HD 11H335121 EPSON,85286990,5405,PC,40.0000,2380,95200,2,60,0,0,0.00,0.00,0.00,0.00,0.00,0.00,0.00,0.00,0,Não informado,0,0,0,53,0.00,0.00,0.00,0,0.00,0.00,0.00,0.00,0.00,01,95200,1.65,1570.8,0,0.00,01,95200,7.60,7235.2,0,0.00,95200
